M,steps,total_series,A1_ar2_coeffs_easy,A1_ar2_coeffs_easy_spike,A1_ar2_coeffs_easy_recovery,A1_ar2_coeffs_easy_regime_acc,A1_ar2_coeffs_easy_regime_acc_near,A1_ar2_coeffs_easy_regime_acc_steady,A2_ar2_coeffs_hard,A2_ar2_coeffs_hard_spike,A2_ar2_coeffs_hard_recovery,A2_ar2_coeffs_hard_regime_acc,A2_ar2_coeffs_hard_regime_acc_near,A2_ar2_coeffs_hard_regime_acc_steady,B1_ar2_variance,B1_ar2_variance_spike,B1_ar2_variance_recovery,B1_ar2_variance_regime_acc,B1_ar2_variance_regime_acc_near,B1_ar2_variance_regime_acc_steady,B2_ar2_variance_big,B2_ar2_variance_big_spike,B2_ar2_variance_big_recovery,B2_ar2_variance_big_regime_acc,B2_ar2_variance_big_regime_acc_near,B2_ar2_variance_big_regime_acc_steady,C1_arma21_coeffs_var,C1_arma21_coeffs_var_spike,C1_arma21_coeffs_var_recovery,C1_arma21_coeffs_var_regime_acc,C1_arma21_coeffs_var_regime_acc_near,C1_arma21_coeffs_var_regime_acc_steady,D1_arima211,D1_arima211_spike,D1_arima211_recovery,D1_arima211_regime_acc,D1_arima211_regime_acc_near,D1_arima211_regime_acc_steady,D2_arima221,D2_arima221_spike,D2_arima221_recovery,D2_arima221_regime_acc,D2_arima221_regime_acc_near,D2_arima221_regime_acc_steady,D3_arima210,D3_arima210_spike,D3_arima210_recovery,D3_arima210_regime_acc,D3_arima210_regime_acc_near,D3_arima210_regime_acc_steady,F1_seasonal_sarimax,F1_seasonal_sarimax_spike,F1_seasonal_sarimax_recovery,F1_seasonal_sarimax_regime_acc,F1_seasonal_sarimax_regime_acc_near,F1_seasonal_sarimax_regime_acc_steady,F2_seasonal_exog,F2_seasonal_exog_spike,F2_seasonal_exog_recovery,F2_seasonal_exog_regime_acc,F2_seasonal_exog_regime_acc_near,F2_seasonal_exog_regime_acc_steady,E1_drift_only,E1_drift_only_spike,E1_drift_only_recovery,E1_drift_only_regime_acc,E1_drift_only_regime_acc_near,E1_drift_only_regime_acc_steady,E2_level_shift,E2_level_shift_spike,E2_level_shift_recovery,E2_level_shift_regime_acc,E2_level_shift_regime_acc_near,E2_level_shift_regime_acc_steady,G1_exogenous_only,G1_exogenous_only_spike,G1_exogenous_only_recovery,G1_exogenous_only_regime_acc,G1_exogenous_only_regime_acc_near,G1_exogenous_only_regime_acc_steady,S1_sparse_switching,S1_sparse_switching_spike,S1_sparse_switching_recovery,S1_sparse_switching_regime_acc,S1_sparse_switching_regime_acc_near,S1_sparse_switching_regime_acc_steady,S2_frequent_switching,S2_frequent_switching_spike,S2_frequent_switching_recovery,S2_frequent_switching_regime_acc,S2_frequent_switching_regime_acc_near,S2_frequent_switching_regime_acc_steady,mean_all,mean_ar,mean_arima,mean_seasonal,mean_exog,mean_spike_ratio,mean_recovery_time,mean_regime_acc,mean_regime_acc_near,mean_regime_acc_steady,mean_gap_vs_msar
128,1,128,8.833081563313803,0.9825207150146712,0.007751937984496124,0.5033333333333333,0.48127657478930114,0.5454545454545454,8.789451599121094,1.0211743522074748,0.015151515151515152,0.43333333333333335,0.4328531382897169,0.52046783625731,8.800865173339844,0.998868330759597,0.0909090909090909,0.3866666666666667,0.38267408033033035,0.36363636363636365,8.953720728556315,0.9979783438562352,0.04365079365079364,0.43777777777777777,0.4474088309110638,0.4293091168091168,9.141511599222818,0.9543101572859101,0.0,0.37777777777777777,0.3931346095931108,0.2331476018791653,6.895399729410808,1.0143557454619427,0.04597701149425287,0.5222222222222223,0.49741764373281505,0.5546875,3.562123974164327,1.0273608418289755,2.625,0.45444444444444443,0.4699307543614965,0.3355191256830601,3.687662919362386,1.1376069855618685,5.216931216931218,0.48,0.4968773266767579,0.3583138173302108,8.462495485941568,1.008468959191107,0.031746031746031744,0.5044444444444444,0.5284642992676566,0.2971861471861472,7.734570662180583,0.8884194943042466,0.3,0.5477777777777778,0.5627829606809786,0.45480738233397805,8.684332529703775,0.9909303426703756,0.13055767761650114,0.77,0.7522530297011976,0.9791666666666666,8.841209729512533,0.9893174581014478,0.08602150537634408,0.7811111111111111,0.7689616547379777,0.948862813269593,8.700419743855795,0.9938613951403651,0.10059523809523808,0.4466666666666666,0.4349365673797215,0.5626352126718964,8.802365938822428,0.9512175198960495,0.0,0.4677777777777778,0.4936490187948112,0.4566592620119671,8.870912551879883,0.9935031197442458,0.006802721088435374,0.39666666666666667,0.39666666666666667,,7.917341595225865,8.841732925838894,4.715062207645841,8.098533074061075,8.741987334357368,0.9966595840683009,0.5800729826695945,0.5006666666666666,0.5026191437275734,0.5028466707992872,7.632886826238042
256,2,256,7.131089051564534,0.9885022775955116,0.007751937984496124,0.49222222222222217,0.480611765368002,0.4431818181818182,7.117112159729004,1.021601436788259,0.0,0.43111111111111106,0.4327298238393815,0.45175438596491224,7.150810718536377,0.9958652256968911,0.0879733293526397,0.3933333333333333,0.3894008070570571,0.36363636363636365,7.278265953063965,0.9926617026327884,0.06587301587301587,0.4511111111111111,0.4619379246655097,0.4408831908831909,7.36590592066447,0.9626355163577566,0.0,0.4000000000000001,0.41158513010849834,0.24467387741724025,5.375276565551758,1.017874394642086,0.0,0.5177777777777778,0.4908819580872657,0.5572916666666666,3.1809918880462646,1.0556807058264701,5.3125,0.5188888888888888,0.5055770825621876,0.6728877679697352,3.1196375290552774,0.8932696342553784,1.2195767195767198,0.48666666666666664,0.5127359450458365,0.1678376268540203,6.832283655802409,1.0065114316400638,0.031746031746031744,0.5066666666666667,0.5293714927048261,0.34225108225108225,6.192585627237956,0.9122010028284965,0.06666666666666667,0.5477777777777778,0.5618127809424165,0.45007253384912954,6.888272126515706,0.9939971880030493,0.1995161701044054,0.7455555555555554,0.729422759639375,0.9191176470588235,7.160904884338379,0.9941230380424956,0.10787599497276916,0.7677777777777779,0.7606029679213903,0.9206142256989714,7.0294562975565595,0.9945765878114408,0.14226190476190476,0.4488888888888889,0.4423616168402422,0.568363526910849,7.128683725992839,0.9567952303634959,0.0,0.4588888888888889,0.4913929805748696,0.4436131978399427,7.1662522951761884,0.994206281156572,0.012863327149041434,0.37222222222222223,0.37222222222222223,,6.407835226588781,7.162035650677151,3.8919686608844333,6.512434641520183,7.026211102803548,0.9853667769093837,0.48364033987917937,0.5025925925925926,0.504843150505272,0.49901277937019606,6.042782294563881
512,4,512,1.7984771331151326,1.0484583305165815,0.47713178294573644,0.47666666666666674,0.48227245226738713,0.5,1.8089146614074707,0.9594618919781538,0.40740740740740744,0.5666666666666665,0.5528411245874388,0.5891812865497076,1.8755743503570557,1.041366017906037,0.3627407075682938,0.6088888888888889,0.6098146584084084,0.6363636363636364,1.8345954418182373,1.015149978531531,0.3833333333333333,0.6133333333333333,0.5905490841079986,0.8301282051282052,1.673444151878357,1.1133235489553286,0.3607843137254902,0.5866666666666667,0.5998834283609665,0.4880776794493609,1.0211920340855916,0.6028842735058997,0.16379310344827586,0.4777777777777777,0.5280833604119528,0.0859375,2.7817558447519937,0.9777346085620152,0.0,0.45888888888888885,0.4721314547831342,0.3109709962168979,2.576541622479757,1.1776582994395766,5.599206349206349,0.48666666666666664,0.46400227675261546,0.8096059821685362,1.8407337268193562,0.9594250662413387,0.6461640211640212,0.4911111111111111,0.48114659787321656,0.5783982683982685,1.7996877431869507,1.218697835638996,2.7732804232804233,0.4477777777777778,0.4349346849246945,0.5434665807006233,1.514508843421936,1.1028627009681813,0.5354214413037942,0.1988888888888889,0.20036069697291245,0.15,1.8067256609598796,0.993807648986324,0.2747521295908392,0.20111111111111113,0.21984691921101565,0.005649717514124294,1.8300391832987468,1.096415236645094,0.4220238095238096,0.5133333333333333,0.5392016659458703,0.4861322748336688,1.8350865840911865,1.1851514162377847,0.5277777777777778,0.5188888888888888,0.4985363021581149,0.5279897985488508,1.7983931700388591,1.0075728617635071,0.3649441893001612,0.57,0.57,,1.8530446767807007,1.8251735568046568,2.126496500439114,1.8202107350031533,1.7170912292268543,1.0333313143917568,0.8865840526383809,0.48111111111111116,0.4829069804510484,0.4672787089908486,1.19116642286196
1024,8,1024,1.0529981056849163,1.0207675832793368,0.300516795865633,0.61,0.6232546818060304,0.6022727272727273,0.9785251418749491,1.0301385136833143,0.4050764050764051,0.47555555555555556,0.47101706934256504,0.6081871345029239,1.0653981765111287,1.1221223600258776,0.5056973677663333,0.7511111111111112,0.7542910097597598,0.7272727272727273,1.042858322461446,1.2985628472060347,1.1119047619047617,0.7599999999999999,0.7510042392814636,0.8865740740740741,0.8845302065213522,1.2956150639700257,0.6698752228163993,0.6311111111111111,0.6206870019697376,0.766497323281984,0.5989526708920797,0.7883206201550824,1.7241379310344829,0.5244444444444445,0.5632937637691053,0.4479166666666667,1.3953068455060322,0.9487046284353328,1.375,0.4655555555555555,0.47638677393207046,0.3263556116015132,1.44446728626887,1.179553633267686,7.198412698412699,0.5133333333333333,0.5043344238463284,0.634167385677308,1.18324081103007,0.9732835977641795,0.34435626102292766,0.548888888888889,0.5617250442070586,0.50991341991342,1.3705602486928303,0.8940815624715465,0.6687830687830688,0.5566666666666666,0.5627621725567696,0.4906444766817107,1.2953333854675293,1.0192254811774235,0.40471097529921063,0.7633333333333333,0.7617905512949689,0.8012605042016806,1.0254463752110798,1.0766043317682297,0.5700321184192152,0.6633333333333334,0.6482905472304129,0.7124921531701194,1.1188546021779378,1.019033512357799,0.48035714285714287,0.7022222222222222,0.693173479730941,0.7251036238563752,1.0407792727152507,0.7289894836120481,0.16666666666666666,0.6055555555555555,0.6086758784230081,0.6166632678326341,1.0042540232340496,0.9349515525413773,0.3504019789734076,0.5633333333333334,0.5633333333333334,,1.100100364949968,1.0308021737469568,1.1462422675556605,1.2769005298614502,1.1465447876188488,1.0219969847810197,1.08506195965989,0.6089629629629628,0.6109346646989036,0.6325229354289902,0.4834724458466009
2048,16,2048,1.8744609355926514,1.0552527904416145,0.5824289405684754,0.5122222222222222,0.5256295639694398,0.4772727272727273,1.880419373512268,0.9409642737484378,0.5306915306915306,0.5533333333333333,0.5416422055180317,0.611111111111111,1.946817398071289,1.046056273428548,0.45907349355625215,0.6333333333333333,0.635960960960961,0.6590909090909091,1.9331830342610676,0.9987399816125265,0.4595238095238095,0.6222222222222222,0.6196661367564836,0.7962962962962963,1.8023089567820232,1.1452860554107132,0.45294117647058824,0.5844444444444444,0.5904226338729763,0.5356440511307768,1.1140358249346416,1.0895417849291578,3.5833333333333335,0.5533333333333333,0.5072508096258778,0.5592237903225806,2.5907404820124307,0.9710738300759539,0.4285714285714286,0.43888888888888894,0.44542994924624235,0.3331932184391201,2.5817556182543435,0.9766875693130053,3.365079365079365,0.5688888888888889,0.5709088555840295,0.4988290398126464,1.9164037307103474,0.9569199686117242,0.7407407407407408,0.4977777777777778,0.48485595362094164,0.6299134199134199,1.9986521005630493,1.2458263560202063,2.6566137566137566,0.45222222222222225,0.4355676126675967,0.5573554695895121,1.62921146551768,1.1133058411583188,0.7489941431117902,0.1922222222222222,0.19231303996166252,0.1708333333333333,1.8493010600407918,1.0187084757552594,0.389470744309454,0.19666666666666666,0.20808606072784097,0.03389830508474576,1.910198450088501,1.0493691161248784,0.6113095238095237,0.5377777777777778,0.5650049896725382,0.5132343811727523,1.8870412508646648,1.1953350004877354,0.1111111111111111,0.5299999999999999,0.5167963724312449,0.5325980934797263,1.860584298769633,1.0044169281276296,0.4503766335148068,0.5722222222222223,0.5722222222222223,,1.9183409319983589,1.8970843818452623,2.095510641733805,1.9575279156366983,1.7962369918823242,1.0538322830163807,1.0380173154003978,0.4963703703703703,0.494117157789206,0.49346386757497557,1.2747706507908478
4096,32,4096,0.9414788881937662,1.0427749247900273,0.34612403100775196,0.6344444444444445,0.6439660630619223,0.6477272727272727,0.8881085316340128,1.0117785331613927,0.4027454027454027,0.4888888888888889,0.4763105123425408,0.5453216374269007,0.928854783376058,1.1143362362282174,0.49420311489277013,0.7733333333333333,0.7746368243243245,0.7954545454545454,0.8997003038724264,1.2898003736710308,0.8809523809523809,0.7622222222222222,0.7520890308592129,0.8958333333333334,0.739635149637858,1.3956429289715786,0.7188948306595364,0.6555555555555556,0.6287277234472038,0.8204140718889982,0.32264790932337445,0.8978122542386532,1.6655172413793105,0.5377777777777778,0.574014661209207,0.4765625,0.5176668887337049,1.0020946853682418,5.958333333333333,0.41,0.4196491852795881,0.275073560319462,0.6132698555787405,1.2111333265774678,6.423280423280423,0.5244444444444444,0.5169464761477746,0.5982784830929784,1.108898401260376,0.9648075674178737,0.27799823633156967,0.5466666666666667,0.5569158006927791,0.5196681096681096,1.2737708886464436,0.9526660460425277,0.6415343915343915,0.5255555555555556,0.5308869142189154,0.46686277670320225,1.1891504128774006,1.040604919310078,0.43162719633307867,0.7322222222222222,0.7314006692777953,0.7626050420168067,0.9407978256543478,1.130844744803885,0.5354699064376484,0.5788888888888888,0.5827911760754682,0.45081848471678976,0.9975401560465494,1.0433587250984317,0.4845238095238096,0.7311111111111112,0.7221955135127717,0.7321958224379355,0.941136638323466,0.8057856989757974,0.1111111111111111,0.5922222222222222,0.5606490369156002,0.6233645749499673,0.9043894211451212,0.9479253591512861,0.3943104514533086,0.5766666666666667,0.5766666666666667,,0.8804697369535763,0.9172780944241419,0.4845282178786066,1.1913346449534097,1.0424961315260992,1.0567577549204323,1.3177750573983884,0.6046666666666667,0.6031897502687847,0.6150128724811644,0.31084248419134736
8192,64,8192,0.8672798673311869,1.0771458149730062,0.43824289405684763,0.6322222222222222,0.6370417739507267,0.6818181818181818,0.8397486209869385,0.9504563658583436,0.3453768453768454,0.5333333333333333,0.524853535720338,0.554093567251462,0.8818566997845968,1.1219175464708715,0.4951982883017365,0.8022222222222221,0.8111219031531531,0.6818181818181818,0.8528542518615723,1.2609368901882196,1.0912698412698412,0.7622222222222222,0.7497416130188373,0.9375,0.6651217341423035,1.527802513768491,0.4926916221033868,0.6911111111111111,0.6822199380997729,0.815825412433082,0.23262806236743927,0.9423837009588535,1.4597701149425288,0.5755555555555555,0.6242188190939544,0.15885416666666666,0.6182319819927216,0.967833622607098,0.4285714285714286,0.42111111111111105,0.42390450442852434,0.3109709962168979,0.6425421436627706,1.1792975360609586,5.417989417989418,0.5022222222222222,0.49313395747231864,0.5626360984428284,1.0032277703285217,0.9494533932333534,0.4318783068783068,0.5377777777777778,0.5442762961348093,0.5705194805194805,1.0203209519386292,1.0911934533027134,0.47962962962962963,0.4566666666666667,0.4332282423015319,0.5744210724263915,1.0589749415715535,1.0888974347615263,0.5381207028265852,0.5144444444444444,0.5146845470449204,0.5157913165266107,0.9129330118497213,1.1499752470603035,0.5882558301913141,0.3744444444444444,0.3754378983479794,0.24636631416292434,0.9268258015314738,1.1210296087010232,0.6363095238095239,0.7311111111111112,0.7306351268994029,0.6496980642248433,0.8836308717727661,1.0214669072853184,0.1111111111111111,0.5544444444444444,0.5020702113061642,0.5793113190780267,0.8432575662930807,0.9704524971220878,0.23388991960420533,0.601111111111111,0.601111111111111,,0.816628951827685,0.8614379796716901,0.4978007293409772,1.0117743611335754,0.9662445849842495,1.0946828354901446,0.8792203651108473,0.5793333333333333,0.5765119652055696,0.5599731551132555,0.23525842203796257
16384,128,16384,0.8920342127482096,1.0496214037747376,0.2563307493540052,0.6322222222222221,0.6409127235377711,0.6818181818181818,0.8587088783582052,0.9936638050868943,0.2757057757057757,0.48888888888888893,0.4737622658790681,0.5584795321637427,0.8795281847318014,1.1027001495744404,0.38030551823655273,0.7866666666666666,0.7909562687687689,0.75,0.8593804438908895,1.29836151472691,0.9214285714285714,0.7599999999999999,0.7485679040986496,0.9166666666666666,0.7050695021947225,1.4379575441104195,0.7645276292335117,0.6733333333333333,0.6406948208922424,0.8473724461925052,0.2982708712418874,1.0161564332298718,2.3752873563218393,0.528888888888889,0.5061623484963665,0.7025537634408602,0.18648558855056763,0.9958879375742028,0.0,0.48999999999999994,0.5015651981968333,0.35435056746532156,0.2864724000295003,1.150773622026341,2.683862433862434,0.5288888888888889,0.5310799674473939,0.48619499568593616,1.0628145337104797,0.9667564424398671,0.3161375661375661,0.5466666666666666,0.5622619076456007,0.48682539682539683,1.141133228937785,0.9541863771898145,0.4785714285714286,0.5188888888888888,0.5263423880751246,0.4599183322587577,1.1750058730443318,1.0508507064958403,0.5044817927170868,0.7077777777777777,0.7104211955288412,0.6835084033613446,0.9420284231503805,1.1635309005515697,0.5354699064376484,0.5655555555555556,0.5790111128101755,0.39127915399101837,0.961969276269277,1.089194897557323,0.5071428571428571,0.7266666666666667,0.7082164121462177,0.7463802196010559,0.9025357365608215,0.8458500736958744,0.1111111111111111,0.5988888888888889,0.5769840398486807,0.631927889987821,0.8678995569547018,0.9597184337331125,0.36103896103896105,0.5877777777777778,0.5877777777777778,,0.801289114024904,0.8766811688741049,0.25707628660731846,1.1019738813241324,1.026334524154663,1.0716806827844814,0.6980934438199566,0.6094074074074073,0.6056477554099674,0.621233967818472,0.2496619096379939
32768,256,32768,0.9220905900001526,1.07514906960702,0.36511627906976746,0.6411111111111111,0.6515700758375192,0.6477272727272727,0.8790488839149475,1.0027692821416645,0.3013468013468013,0.48888888888888893,0.48158832038153343,0.5321637426900584,0.902091920375824,1.095189603765841,0.5142558590834453,0.7955555555555556,0.7970847409909911,0.8181818181818182,0.8757213950157166,1.3094612732294368,1.0103174603174603,0.7688888888888888,0.7579330379914372,0.9166666666666666,0.7212305068969727,1.4422683281801847,0.5162210338680927,0.668888888888889,0.6381309061607209,0.8352999016715832,0.23651100198427835,0.9842143473755791,1.2764367816091953,0.5355555555555556,0.5594368740243002,0.4866935483870967,0.31120413541793823,0.9898649178361182,0.0,0.4366666666666667,0.4465995398895172,0.3007145859604876,0.33023344973723096,1.1004979018855612,2.850529100529101,0.4955555555555555,0.49542117476422637,0.43426188421874357,1.1370280583699544,0.963347505268366,0.35383597883597884,0.5511111111111111,0.5635132701919273,0.5322799422799424,1.2555652856826782,1.0031449950738274,0.4433862433862434,0.4811111111111111,0.478006164587047,0.46894476681710723,1.1603925625483196,1.0618753114194182,0.5140056022408963,0.71,0.7141906330531581,0.6752100840336134,0.9300192991892496,1.1477403769078318,0.5116603826281246,0.561111111111111,0.5748103808575861,0.3856294364768941,0.9921074906984965,1.0476860475967735,0.47321428571428575,0.7533333333333333,0.7311691881551786,0.790607696697205,0.9215708573659261,0.8466872351061964,0.16666666666666666,0.6077777777777778,0.573389017451741,0.6356051809584362,0.8888031442960104,0.9534029808237902,0.2930117501546073,0.5966666666666667,0.5966666666666667,,0.8309079054329132,0.898221131828096,0.2926495290464825,1.1962966720263162,1.027506450812022,1.068219945081174,0.6393336150300442,0.6061481481481482,0.6039673327335698,0.6042847519833519,0.2724878613703342
65536,512,65536,0.8505340417226156,1.0747441743153805,0.4869509043927649,0.6366666666666667,0.6346401587100586,0.7840909090909091,0.8117388089497884,0.9344595937757093,0.240999740999741,0.5222222222222221,0.5124683770305275,0.5760233918128655,0.8564716776212057,1.1459262363414695,0.48101706722396376,0.7911111111111112,0.8057873498498499,0.5681818181818182,0.8304420709609985,1.3527113700445614,1.396825396825397,0.7600000000000001,0.7487457387835265,0.9166666666666666,0.6456419428189596,1.5553064704516784,0.6711229946524063,0.6911111111111111,0.663623289706086,0.8462799082268108,0.16701037188371023,1.1047050487681802,2.2850574712643676,0.6066666666666667,0.5860491946470786,0.6286458333333333,0.1285362665851911,1.0144634267161434,6.080357142857142,0.5144444444444445,0.49843740482694315,0.676670870113493,0.20892190436522165,1.1753561727067845,2.5502645502645502,0.5222222222222221,0.5123869316010354,0.6037429639672952,0.990670363108317,0.9626860760535162,0.42548500881834217,0.5533333333333333,0.5630941307560012,0.5535497835497836,0.9085211753845215,1.0743584595891524,0.448941798941799,0.44555555555555554,0.4299964962928518,0.547274607779927,1.098197102546692,1.06852773877255,0.5381207028265852,0.5811111111111112,0.5800569177225273,0.5936624649859944,0.9123672048250834,1.1486730253974462,0.7153330540427314,0.4611111111111111,0.4685281092182659,0.2833067748321985,0.909143308798472,1.1496395370312547,0.6494047619047619,0.7066666666666667,0.6976714974421471,0.6170024643979156,0.8676464955012003,0.9274966450156544,0.1111111111111111,0.561111111111111,0.5062591336770598,0.6008026488489161,0.8245794177055359,0.9761677718754896,0.30810142238713667,0.5988888888888888,0.5988888888888888,,0.7340281435185008,0.8402354187435574,0.16815618094470766,0.9495957692464192,0.973235872056749,1.1110147831236648,1.1592728752341865,0.5968148148148149,0.5871089079435232,0.6282786504134233,0.18173582137866023
131072,1024,131072,0.831157366434733,1.0583808499269172,0.6104651162790699,0.5877777777777777,0.5810165604378597,0.7272727272727273,0.8060707449913025,0.9417587609902065,0.39808339808339804,0.4888888888888889,0.4658653496985983,0.4868421052631579,0.8723531564076742,1.1486655849869658,0.42941732596905013,0.7799999999999999,0.7888757507507508,0.6590909090909091,0.8543125987052917,1.2564359812792139,1.1269841269841268,0.7622222222222222,0.7511176940926169,0.9166666666666666,0.6417377789815267,1.5635797378708267,0.5593582887700536,0.6955555555555556,0.6892549335010051,0.8101988419097563,0.13269385198752084,1.0355943500114335,0.7540229885057471,0.6444444444444445,0.6484713249841753,0.6088877688172043,0.09881314262747765,0.9469707424390813,2.982142857142857,0.44555555555555554,0.4341642705832804,0.39999999999999997,0.17278367777665457,1.1062359999585514,1.4907407407407407,0.5844444444444444,0.5639998783806762,0.8376268540202966,0.8068414330482483,0.9775742979820179,0.3644179894179895,0.5444444444444445,0.5509075164111136,0.5893073593073593,0.6498919725418091,1.0038579982387645,0.2962962962962963,0.4811111111111111,0.48053252715776695,0.46204061895551257,1.1245429118474324,1.0903836810136287,0.4866055513114336,0.5744444444444444,0.5750130290376166,0.5984593837535014,0.9538217584292094,1.2166111440566731,0.5944700460829494,0.44333333333333336,0.43922438309346745,0.5396687430585735,0.8824665347735087,1.3040921054692414,0.7327380952380952,0.6666666666666666,0.6642634757156,0.5694891234142885,0.9082808891932169,0.9666317345085451,0.0,0.5633333333333334,0.5010630862830247,0.6132576652441054,0.8275370796521505,0.974214701054882,0.2885590599876314,0.5855555555555555,0.5855555555555555,,0.7042203264931838,0.8499519725640615,0.13476355746388435,0.7283667027950287,0.9869437350167168,1.1060658446524634,0.7409534587206292,0.5898518518518518,0.5812883557122072,0.6299149119124329,0.15192195484851437
262144,2048,262144,0.8054436643918356,1.1170442045313969,0.33733850129198967,0.5877777777777777,0.5898751987393243,0.6704545454545454,0.7961089015007019,0.9584079263395872,0.2547267547267547,0.5288888888888889,0.5215469936491798,0.44298245614035087,0.8682149449984232,1.1096539519625426,0.41374334477782754,0.7799999999999999,0.796290822072072,0.5,0.8421422839164734,1.2894677760970392,1.2595238095238095,0.7600000000000001,0.7487457387835265,0.9166666666666666,0.6031065583229065,1.5886433111435607,1.245989304812834,0.7022222222222222,0.6825325423859873,0.8372937834589752,0.10838876664638519,1.070952243137434,1.139655172413793,0.6044444444444445,0.6388424163469401,0.5155577956989247,0.04757657771309217,0.9091833555703884,1.375,0.4633333333333333,0.45830835732019737,0.4007566204287516,0.11980325728654861,1.1300853075906634,0.3968253968253968,0.5888888888888889,0.5732799464763908,0.6241012366983031,0.8438227375348409,0.9986025197467826,0.21626984126984125,0.5266666666666667,0.5455744899030271,0.4486435786435787,0.3914339244365692,0.9739723865160431,0.3753968253968254,0.5055555555555555,0.503051514990054,0.5022364603481625,1.1253975629806519,1.1022604495307975,0.6760376878023937,0.5122222222222222,0.5073649510906361,0.6306022408963585,0.9665206869443258,1.216896709337426,0.6593352883675464,0.44111111111111106,0.4501287710557653,0.34603312569414263,0.8588106234868368,1.4404999247428656,0.8845238095238095,0.6133333333333334,0.6090473127565595,0.5850217280884925,0.8594979643821716,0.959561679507364,0.0,0.5033333333333333,0.46530188701368336,0.5429827323219509,0.7908185124397278,0.9882452257653235,0.2429189857761286,0.5655555555555556,0.5655555555555556,,0.6684724644654326,0.8270377119382223,0.091922867215342,0.6176283309857051,0.9835762911372715,1.1235651314346142,0.6318189815005968,0.5788888888888889,0.5770297665425932,0.5688094978956574,0.11728042874123716
524288,4096,524288,0.7895973324775696,1.100875496882353,0.40839793281653747,0.5922222222222222,0.5918397985170177,0.6818181818181818,0.7818409403165182,0.9579044693162029,0.4821289821289821,0.5266666666666666,0.516605085094536,0.46491228070175444,0.8623057802518209,1.1494633238859993,0.3502015226153157,0.7888888888888889,0.80206737987988,0.5681818181818182,0.8382441401481628,1.2936991278233017,1.292857142857143,0.7577777777777778,0.746398320943151,0.9166666666666666,0.5813758472601572,1.5602164052033773,0.9716577540106952,0.7000000000000001,0.6818439990151312,0.8276248224625805,0.10258500029643376,1.199441925151964,0.8373563218390805,0.6577777777777779,0.6095034526481896,0.8526041666666666,0.0649431732793649,0.7979464338693562,8.625,0.5233333333333334,0.4985120595488543,0.5176965111391341,0.17760042597850165,1.0186310386278468,1.3015873015873016,0.5599999999999999,0.5375881458089352,0.8446937014667818,0.791732390721639,0.9869213824825801,0.22508818342151674,0.5244444444444444,0.5367248019766006,0.47388167388167385,0.3107609152793884,0.9444701515190457,0.38703703703703707,0.51,0.5094461841884316,0.49683000214915113,1.1215142409006755,1.130690452149677,0.480977845683728,0.5922222222222223,0.5912135143907873,0.62703081232493,0.9331591327985128,1.242127117401357,0.5576735092864126,0.4633333333333334,0.47288618218636375,0.38871988024530396,0.8452294071515402,1.4521913014504417,0.768452380952381,0.5866666666666668,0.5937619691580472,0.5563644800622056,0.8573469718297323,0.8898442758290098,0.0,0.51,0.45430718716678625,0.5639844698757773,0.7687993844350179,0.9982367276730524,0.3064935064935065,0.5677777777777778,0.5677777777777778,,0.6551356722083358,0.8163557582431369,0.1150428665181001,0.5512466530005138,0.9666342602835761,1.1148439752843708,1.1329939613819762,0.5907407407407408,0.5806983905533659,0.6272149619744732,0.10175053735389945
